zams_mass_1,zams_mass_2,zams_separation_rsun,metallicity,delay_time_myr,mass_1,mass_2,stellar_type_1,stellar_type_2
25.4374,23.5542,1735.8411051459282,0.0029082809839751293,3373.7048,7.54997,4.48617,14,14
28.1042,27.915,1042.1367745338484,0.0010211532151708522,384.87291,5.68624,5.29747,14,14
59.3627,58.9623,74.64800047069255,0.0006050875007272942,52.71014,20.2618,2.15312,14,14
21.9041,21.7567,1337.9422270637026,0.0003585464728475101,468.64272,7.44841,3.7283,14,14
51.117,21.1273,417.794811479893,0.004908051271653857,8400.7754,7.61252,2.38772,14,14
34.306,23.4433,3193.8152112564344,0.004908051271653857,7617.2058,8.78872,3.12862,14,14
44.0167,16.4204,129.76219665576107,0.0010211532151708522,841.4578,11.3566,2.75392,14,14
39.8399,33.1271,2475.0026726186475,0.0006050875007272942,1772.79921,12.0655,9.12724,14,14
31.0507,14.948,359.426725037478,0.00012589254117941674,144.1269,9.30211,10.6441,14,14
34.306,16.9719,372.68214817967316,0.0006050875007272942,34.3664,9.4623,10.1755,14,14
32.6378,30.2194,6393.938191531525,0.0010211532151708522,653.0278,12.1023,6.29139,14,14
138.533,38.4498,451.1030663971285,0.0006050875007272942,11.8362,50.8969,12.0585,14,14
29.5407,29.3418,1059.598091730256,0.0006050875007272942,199.06685,6.96121,6.51796,14,14
24.2005,18.501,350.62500930011373,0.0010211532151708522,152.1693,4.29495,7.25044,14,14
34.306,14.6607,410.0726296040933,0.0003585464728475101,164.1682,10.6225,10.4386,14,14
36.0595,16.3789,138.29108166759548,0.00021245782310305673,28.7708,11.9185,11.1363,14,14
29.5407,17.0085,562.5042688076894,0.0003585464728475101,133.4952,8.01982,9.95876,14,14
26.7376,10.3591,1415.955450478356,0.0010211532151708522,33.3576,5.77183,3.20994,14,14
41.8762,17.8831,852.8726192127922,0.0017233109056135083,2008.8399,8.4781,2.6232,14,14
29.5407,23.3741,1276.6385402879798,0.00021245782310305673,224.9318,15.59,9.98864,14,14
34.306,34.0749,1244.4819986116968,0.00021245782310305673,39.46483,11.6463,11.0382,14,14
23.0236,22.2492,2635.5716867776196,0.00012589254117941674,136.8894,12.2222,3.37628,14,14
41.8762,30.3031,9340.746106658422,0.0010211532151708522,116.70049,10.8461,5.31389,14,14
41.8762,15.625,432.6328311883245,0.0029082809839751293,1364.3441,6.87253,3.35601,14,14
31.0507,30.005,1339.011488133635,0.0006050875007272942,14.37212,8.5524,9.7373,14,14
48.6313,37.8101,317.9372203916509,0.0029082809839751293,13219.55354,9.70061,10.7715,14,14
24.2005,13.9415,734.3168468750363,0.0010211532151708522,581.485,4.62636,5.32418,14,14
32.6378,30.2194,2940.226079418863,0.0006050875007272942,21.20623,12.3011,7.41188,14,14
36.0595,16.8649,193.51950331225524,0.0017233109056135083,62.3006,6.68072,6.18633,14,14
24.2005,21.4322,500.0896845648571,0.00012589254117941674,239.6936,6.98327,11.2907,14,14
25.4374,22.8694,711.028916837375,0.00012589254117941674,2378.705,9.68969,10.8226,14,14
41.8762,21.8349,500.22313563330033,0.0017233109056135083,137.07705,8.48597,5.03052,14,14
31.0507,18.294,513.2977320537348,0.00021245782310305673,402.0749,11.0232,12.9268,14,14
25.4374,16.3639,199.87905775864303,0.0010211532151708522,146.297,4.39945,6.71586,14,14
31.0507,14.948,287.88162446946933,0.00012589254117941674,59.6836,9.15653,10.401,14,14
48.6313,38.466,4092.5520861248497,0.0029082809839751293,4154.22068,9.69484,6.01755,14,14
251.97,206.02,182.69973276052312,0.0010211532151708522,10441.39045,43.7493,4.32005,14,14
34.306,16.0474,296.6937234337328,0.0003585464728475101,39.8182,10.4484,10.7271,14,14
25.4374,9.17353,794.3616642559556,0.00012589254117941674,1045.976,6.53462,2.54614,14,14
68.9386,30.3332,464.4837006748244,0.0010211532151708522,426.66963,22.5375,8.56852,14,14
29.5407,24.9655,2009.7905349709547,0.0010211532151708522,4342.5539,13.7359,7.97791,14,14
34.306,20.2076,14816.230591623971,0.0029082809839751293,741.7284,13.0624,2.25975,14,14
37.9026,24.876,694.4213559942016,0.00012589254117941674,20.39766,14.2184,8.93114,14,14
24.2005,21.4322,1087.5162041870078,0.00021245782310305673,88.5222,9.66387,6.99502,14,14
36.0595,35.8165,2203.9249161971275,0.0006050875007272942,668.45718,10.9446,10.3164,14,14
28.1042,12.7776,142.21755104298376,0.00021245782310305673,67.1265,6.54034,7.49191,14,14
39.8399,14.8682,1611.715469248289,0.0029082809839751293,1046.4017,6.9442,4.75165,14,14
26.7376,25.4777,2473.6092448591903,0.0003585464728475101,674.07528,15.0586,5.38214,14,14
28.1042,14.2913,760.6571033655913,0.00021245782310305673,631.4019,9.25454,7.95451,14,14
46.2665,27.2384,241.25489161605802,0.0017233109056135083,356.0318,10.9926,10.7064,14,14
29.5407,18.9978,168.26878311541213,0.0003585464728475101,33.2569,7.29038,11.4246,14,14
31.0507,14.5297,147.46962306515601,0.0006050875007272942,72.8379,6.9742,8.07149,14,14
37.9026,16.1916,139.73158874499154,0.0029082809839751293,1202.8862,5.21241,2.24738,14,14
21.9041,18.5156,670.0114155855705,0.00012589254117941674,328.5713,6.56815,6.42228,14,14
23.0236,20.3905,282.38547838069877,0.0003585464728475101,111.3172,5.04096,10.1572,14,14
31.0507,11.1837,349.34185556295137,0.0006050875007272942,450.3445,7.3701,4.57098,14,14
29.5407,22.9763,4316.7385712645455,0.0006050875007272942,18.23787,21.6875,4.15269,14,14
29.5407,15.815,623.1077473510533,0.0010211532151708522,108.3,6.35955,7.27204,14,14
29.5407,19.3956,235.38523259247913,0.0003585464728475101,138.4518,7.53588,12.0874,14,14
28.1042,26.0228,1794.4887758842733,0.00012589254117941674,225.41713,15.6762,5.49028,14,14
36.0595,13.9493,330.7597073907129,0.0006050875007272942,81.9367,10.2798,9.14108,14,14
153.057,25.9374,166.7741514874349,0.0010211532151708522,6459.17344,52.3691,5.93828,14,14
32.6378,17.4681,576.4806103002555,0.0010211532151708522,43.489,7.63077,8.44081,14,14
32.6378,20.9857,44702.89831480477,0.00021245782310305673,283.0876,12.6398,3.09614,14,14
24.2005,9.05625,561.8828737387182,0.0017233109056135083,39.1062,3.62533,2.40281,14,14
107.971,24.1523,150.7215653371945,0.008282888557850927,36.32381,7.97112,3.04826,14,14
65.5862,30.6307,1558.2101116131016,0.0017233109056135083,5824.80968,19.1623,14.9769,14,14
34.306,34.0749,1113.7576277809515,0.0010211532151708522,48.70188,8.40113,7.90735,14,14
37.9026,34.0712,1414.491609805138,0.0003585464728475101,533.44657,12.5318,11.3097,14,14
53.7298,36.6987,165.8362512284377,0.0029082809839751293,9752.64617,12.433,14.6543,14,14
48.6313,29.9402,934.3380157498718,0.004908051271653857,5731.25163,6.81151,3.54532,14,14
39.8399,39.5714,1308.0904750606603,0.0017233109056135083,106.1907,9.23375,8.74266,14,14
46.2665,27.2384,1591.642625835982,0.0029082809839751293,758.35511,8.56608,3.81084,14,14
37.9026,37.1363,920.1200430890061,0.0003585464728475101,32.4249,12.6483,11.99,14,14
37.9026,17.7242,8563.908885551526,0.0003585464728475101,177.0456,12.5376,2.2102,14,14
29.5407,11.4387,2549.475914473382,0.0029082809839751293,2375.6504,9.0809,2.42533,14,14
31.0507,26.2408,3185.3532944264466,0.0017233109056135083,25.10241,18.24,3.47132,14,14
31.0507,14.948,359.426725037478,0.00021245782310305673,163.0726,9.36633,10.0803,14,14
177.747,20.5054,138.2055227911724,0.0003585464728475101,3997.72953,45.7314,5.47785,14,14
26.7376,19.3583,449.06875531019654,0.0006050875007272942,174.2094,5.86032,9.70087,14,14
28.1042,11.6423,666.2708365997274,0.00021245782310305673,1173.9646,8.42549,6.78382,14,14
32.6378,11.752,182.5018014782945,0.0010211532151708522,118.7697,6.63945,5.58628,14,14
34.306,34.0749,4218.608056705721,0.004908051271653857,9784.71041,12.441,10.7476,14,14
48.6313,22.0703,517.8871721029897,0.004908051271653857,49.57476,6.81512,2.51479,14,14
107.971,34.3563,585.2254997435864,0.0029082809839751293,363.65045,29.2804,6.87771,14,14
46.2665,19.752,166.8521255922674,0.004908051271653857,853.9557,6.09841,2.54574,14,14
39.8399,39.0344,2540.0680275130508,0.0017233109056135083,12714.01578,9.7181,8.38997,14,14
32.6378,16.149,713.3762030598939,0.0003585464728475101,753.9061,10.0243,10.9632,14,14
39.8399,29.9049,3800.4054226213043,0.0029082809839751293,16.43984,10.0819,5.56439,14,14
59.3627,26.9284,317.75284235458076,0.004908051271653857,16.90494,10.5669,2.96193,14,14
51.117,21.1273,137.71508428423132,0.0010211532151708522,499.6044,15.5366,5.1805,14,14
39.8399,37.4233,100.95088812350103,0.00021245782310305673,2699.47704,13.8848,22.8331,14,14
51.117,21.1273,299.480561102358,0.004908051271653857,529.4633,7.61941,2.54962,14,14
41.8762,28.0449,109.10703912482,0.0003585464728475101,10269.91871,13.4508,18.4559,14,14
41.8762,27.4804,2433.489296063289,0.0029082809839751293,356.55796,6.92661,4.42245,14,14
41.8762,24.0931,405.3303636967822,0.0017233109056135083,81.55609,8.48146,7.74124,14,14
34.306,12.3494,361.12909997685693,0.0010211532151708522,182.209,7.91016,6.12239,14,14
34.306,14.6607,798.0852486698346,0.0010211532151708522,151.0151,8.48298,7.80385,14,14
37.9026,26.9194,19597.748224882802,0.00021245782310305673,1586.94659,13.6256,5.78531,14,14
36.0595,26.5837,21649.84002169307,0.004908051271653857,765.99336,13.5266,2.33495,14,14
119.291,52.4472,869.1819875965475,0.013978306065792132,12.71265,2.11713,2.12687,14,14
25.4374,16.3639,542.6898240520674,0.0003585464728475101,319.5992,6.55002,8.41291,14,14
32.6378,31.9782,2655.697019342632,0.0006050875007272942,273.53632,9.90407,8.14064,14,14
37.9026,16.7025,425.2440442829124,0.0017233109056135083,104.9338,7.88856,7.97214,14,14
51.117,30.0897,159.99570227359567,0.0029082809839751293,6248.36581,10.9636,11.3495,14,14
34.306,16.5096,170.8600213396385,0.0006050875007272942,53.5589,8.84843,10.4181,14,14
34.306,17.4341,417.6728626199046,0.0006050875007272942,129.8793,9.54079,11.0554,14,14
23.0236,19.1514,759.3360786122411,0.00021245782310305673,302.8377,7.52347,6.93212,14,14
32.6378,14.8299,233.00660529258224,0.00021245782310305673,45.8177,10.0513,10.2891,14,14
31.0507,10.7654,223.36580003139403,0.0006050875007272942,4742.5028,6.98028,4.05629,14,14
37.9026,29.4736,2156.9380205692964,0.0003585464728475101,1909.54972,12.524,8.3358,14,14
39.8399,17.5533,432.3618013128686,0.0010211532151708522,235.9424,10.207,6.17669,14,14
23.0236,17.6025,1459.5070864492834,0.0010211532151708522,418.7486,7.44868,4.10492,14,14
34.306,15.1229,263.89293149384247,0.00021245782310305673,146.9392,11.3586,11.8842,14,14
251.97,93.7002,119.23706291955398,0.0006050875007272942,1031.527,49.2263,6.22533,14,14
36.0595,13.4633,641.6343267923878,0.0017233109056135083,131.2476,7.28988,6.01654,14,14
24.2005,11.0103,367.3830667153613,0.0003585464728475101,166.9778,4.91293,5.04942,14,14
28.1042,18.4541,3321.4293790434303,0.0006050875007272942,2892.7466,19.1437,2.52131,14,14
31.0507,13.2749,146.10376261861092,0.00021245782310305673,66.1802,8.42429,8.80971,14,14
41.8762,28.6095,170.5336935822392,0.00021245782310305673,19.63064,15.2661,18.3534,14,14
34.306,16.0474,237.6357462957296,0.00012589254117941674,83.3151,11.6895,12.9014,14,14
31.0507,14.1114,1353.1050258260882,0.00012589254117941674,1659.6995,14.3388,7.21228,14,14
76.166,33.5074,72.78241198750864,0.0006050875007272942,4128.13053,27.1289,9.05989,14,14
29.5407,28.1483,1052.3901086166675,0.00012589254117941674,27.24154,16.0854,6.46208,14,14
36.0595,20.2665,113.43625895881445,0.0003585464728475101,1250.1808,8.96604,12.4445,14,14
24.2005,13.2901,419.17901880639744,0.0029082809839751293,7056.792,3.07726,3.57893,14,14
25.4374,17.7335,281.8571954254376,0.00012589254117941674,39.0091,6.50182,9.97524,14,14
31.0507,16.621,325.5247402555496,0.0010211532151708522,93.5271,6.66011,8.08523,14,14
37.9026,37.6472,1437.5402203890228,0.0029082809839751293,2890.71385,6.26278,5.96444,14,14
31.0507,30.8415,1203.8036473956342,0.0006050875007272942,127.36644,7.78941,7.29671,14,14
44.0167,33.631,1450.7250054541103,0.0029082809839751293,4345.08797,7.6825,6.08301,14,14
26.7376,18.6383,320.2129354935722,0.0010211532151708522,200.9652,5.06438,8.03853,14,14
34.306,18.3586,79.51087232151299,0.0003585464728475101,259.778,7.13661,7.79581,14,14
97.7256,32.422,1925.5384079583891,0.0010211532151708522,16.26104,33.3005,12.1081,14,14
46.2665,25.3668,649.4216084975396,0.0029082809839751293,18.98368,8.57195,3.88558,14,14
44.0167,20.5747,322.37176075448025,0.0017233109056135083,534.2779,9.66616,5.99653,14,14
23.0236,17.6025,221.22653340337044,0.0006050875007272942,163.0252,4.16407,7.50577,14,14
25.4374,20.8151,288.41012047778986,0.0003585464728475101,256.0377,5.67793,11.5007,14,14
31.0507,18.294,411.12511557345067,0.0003585464728475101,164.2621,8.71212,11.7021,14,14
31.0507,26.659,6943.809925031717,0.0006050875007272942,1399.10116,24.5694,5.37883,14,14
44.0167,17.6073,93.62012325393592,0.0029082809839751293,24.8541,7.42953,2.25531,14,14
31.0507,21.64,2220.4695982974504,0.0029082809839751293,1192.3948,7.97567,4.93553,14,14
32.6378,31.9782,1524.7084987932626,0.00021245782310305673,30.83906,12.6225,9.71352,14,14
48.6313,20.7586,6608.184762357298,0.0017233109056135083,22.2924,12.6072,2.56937,14,14
31.0507,26.2408,3976.988219981031,0.0006050875007272942,180.52832,24.6075,4.68618,14,14
48.6313,27.9727,4895.603770826406,0.004908051271653857,5612.48842,6.80609,2.66011,14,14
32.6378,10.8726,767.2673127277811,0.0029082809839751293,276.8941,4.50983,3.0858,14,14
48.6313,39.1218,42193.27335253694,0.0017233109056135083,3701.90384,12.6199,8.17516,14,14
24.2005,11.0103,572.6788671637896,0.0010211532151708522,3993.0286,4.31532,4.20236,14,14
31.0507,22.4765,1787.8356898066081,0.00012589254117941674,1049.3762,18.2687,10.0361,14,14
36.0595,20.7524,101.81141130187545,0.0003585464728475101,1422.9726,8.72993,12.1815,14,14
84.1511,42.6935,95.38489481858768,0.0017233109056135083,15.39888,24.6005,5.45857,14,14
48.6313,26.0052,1146.7344042636278,0.0017233109056135083,31.39279,12.5897,16.7621,14,14
44.0167,28.2897,1134.6746013636384,0.004908051271653857,2954.03404,5.47962,3.43362,14,14
34.306,20.2076,2009.8814835050046,0.0010211532151708522,101.732,12.5627,8.33389,14,14
186.832,102.298,531.2877602022927,0.00012589254117941674,245.30009,16.8974,40.9952,14,14
29.5407,13.8258,202.3432967575816,0.00021245782310305673,58.572,7.7838,8.59549,14,14
37.9026,37.1363,1602.63866954005,0.0010211532151708522,122.83593,11.5781,9.67593,14,14
51.117,29.4003,675.2296171029795,0.004908051271653857,8674.69561,7.60444,3.48974,14,14
46.2665,19.752,68.66664685905008,0.0017233109056135083,32.6457,10.9245,3.89569,14,14
39.8399,39.5714,1633.1806773686274,0.0017233109056135083,75.77052,9.26122,8.75297,14,14
28.1042,16.1835,354.91380199243275,0.0010211532151708522,791.2951,5.54803,7.37208,14,14
32.6378,21.8651,2245.639535272125,0.0010211532151708522,1465.4854,12.112,8.90101,14,14
31.0507,30.8415,1679.3831974830305,0.0003585464728475101,491.06061,8.76083,8.22858,14,14
31.0507,14.948,206.3570053153893,0.00012589254117941674,141.3272,8.90577,10.6338,14,14
25.4374,20.8151,231.00102498221082,0.0003585464728475101,45.4549,5.54965,11.1506,14,14
32.6378,10.8726,116.29954306234977,0.00012589254117941674,68.4266,8.11499,2.17429,14,14
28.1042,15.4266,145.22523091177874,0.0003585464728475101,39.1305,6.34001,8.52438,14,14
44.0167,28.8832,815.5679509678412,0.0017233109056135083,533.03872,9.66833,6.6087,14,14
26.7376,24.7578,2751.176967420206,0.00012589254117941674,266.52133,17.2746,4.56549,14,14
113.49,37.6412,141.07002064615665,0.0017233109056135083,12.29334,35.5882,8.90587,14,14
36.0595,14.9211,109.72794335718473,0.00012589254117941674,23.4714,9.60108,6.49355,14,14
34.306,19.2831,736.0545382475058,0.0017233109056135083,1549.2377,7.01156,8.33321,14,14
31.0507,18.294,573.5464373383853,0.00021245782310305673,2224.0117,11.041,13.1796,14,14
31.0507,19.5487,297.17610144917955,0.0017233109056135083,67.6058,5.49926,7.708,14,14
31.0507,18.7122,1744.9031278125608,0.0003585464728475101,39.3004,15.0664,7.05696,14,14
29.5407,18.2021,2148.6687648359866,0.0017233109056135083,656.6594,9.87962,5.10663,14,14
37.9026,14.1483,137.94959949301636,0.0003585464728475101,24.0902,9.50929,4.39025,14,14
25.4374,16.7063,848.2517050438676,0.00021245782310305673,757.2741,8.89357,6.91038,14,14
59.3627,22.9242,179.5643398804409,0.008282888557850927,26.8126,6.23302,2.42977,14,14
72.4622,62.1946,69.74888183633679,0.0003585464728475101,5568.39936,24.1371,3.02913,14,14
34.306,18.3586,1778.179874677504,0.0010211532151708522,49.6729,11.2195,7.85209,14,14
48.6313,33.2193,678.93631345839,0.0017233109056135083,164.15538,12.6327,8.22586,14,14
25.4374,11.2279,648.5890135624917,0.0006050875007272942,279.5624,5.28323,5.05637,14,14
41.8762,17.8831,82.93199039850191,0.00021245782310305673,22.2043,13.188,4.9964,14,14
51.117,23.885,2497.8007409796005,0.0029082809839751293,7449.94383,10.9615,2.95816,14,14
25.4374,23.5542,3378.3128030383978,0.00012589254117941674,1874.9689,15.9917,4.38343,14,14
44.0167,31.8506,2801.6682748279277,0.0029082809839751293,1273.17661,7.57708,4.46156,14,14
25.4374,22.527,2404.5741550557455,0.0003585464728475101,124.84,13.3914,4.77327,14,14
34.306,11.8872,258.0042095661564,0.0006050875007272942,174.5102,8.85986,5.55694,14,14
51.117,21.1273,1015.1924591446516,0.0029082809839751293,18.52059,10.97,2.63869,14,14
32.6378,18.3475,238.6256710292548,0.0006050875007272942,36.1374,8.29419,10.7235,14,14
32.6378,14.8299,405.84472033505983,0.00021245782310305673,178.9667,10.5367,10.766,14,14
34.306,15.5851,575.6556548579216,0.0006050875007272942,1000.7712,9.65348,10.1478,14,14
25.4374,15.6791,386.870739676893,0.004908051271653857,27.4261,2.52167,2.96391,14,14
169.103,94.879,108.98884774578384,0.0006050875007272942,10.37948,41.7418,7.80592,14,14
31.0507,12.8567,688.753386545414,0.00021245782310305673,175.8263,11.0123,10.7274,14,14
41.8762,25.2222,709.9971102892515,0.0017233109056135083,320.07579,8.48676,5.1795,14,14
26.7376,11.439,377.4211672713482,0.00021245782310305673,63.8783,6.32431,5.92113,14,14
39.8399,25.6087,3720.7124290669285,0.0017233109056135083,321.67884,9.58984,5.09264,14,14
44.0167,30.6636,658.5020026387814,0.0010211532151708522,90.25961,11.6933,8.67037,14,14
29.5407,15.0193,554.3747944742801,0.00012589254117941674,271.6127,9.6736,9.88106,14,14
31.0507,14.5297,287.0063260797547,0.0010211532151708522,73.1619,6.52898,7.0872,14,14
28.1042,22.2385,8283.671097845248,0.0017233109056135083,4397.60253,16.6541,2.81456,14,14
32.6378,16.149,293.58432878490055,0.0003585464728475101,66.4961,9.3754,10.6108,14,14
41.8762,24.6577,133.98658253962893,0.0010211532151708522,985.70923,10.1741,13.8391,14,14
23.0236,10.1678,360.2210003811021,0.0003585464728475101,216.2133,4.33766,4.25651,14,14
26.7376,21.1581,10172.019822090955,0.0006050875007272942,1068.72683,16.9241,2.92115,14,14
29.5407,20.1913,2719.4079111012034,0.00012589254117941674,4622.4866,18.7627,5.58194,14,14
34.306,16.5096,238.36062870411845,0.0006050875007272942,100.2954,9.13284,10.5512,14,14
39.8399,18.6274,179.03823310492518,0.0017233109056135083,40.5079,8.03695,7.3624,14,14
34.306,34.0749,2167.6064382306886,0.0006050875007272942,1073.17159,9.82242,9.24666,14,14
28.1042,18.4541,876.8922372749666,0.0006050875007272942,201.6131,7.39685,9.01355,14,14
24.2005,17.524,2054.30010802557,0.0003585464728475101,2859.4592,10.0746,4.4712,14,14
37.9026,23.3435,181.83085604758836,0.0003585464728475101,23.88053,12.4082,13.0867,14,14
56.4761,23.3361,939.2303089305328,0.004908051271653857,16.877,9.49621,2.43338,14,14
26.7376,16.1186,180.37540241849015,0.0006050875007272942,69.7866,5.33071,7.79529,14,14
26.7376,11.079,818.1658483080148,0.00012589254117941674,575.0523,7.86544,5.36589,14,14
32.6378,28.0209,7888.797284808057,0.0017233109056135083,329.43524,22.7056,4.15947,14,14
31.0507,20.3852,4286.9119073596585,0.004908051271653857,376.54621,12.7219,2.17967,14,14
26.7376,26.5576,1024.9636243323441,0.0006050875007272942,15.98714,5.66793,5.29459,14,14
29.5407,18.9978,168.26878311541213,0.0003585464728475101,36.6034,7.29064,11.3747,14,14
26.7376,9.99911,416.35024679277006,0.00021245782310305673,11803.3194,6.2575,3.84212,14,14
41.8762,29.174,579.62121910658,0.0010211532151708522,127.51927,10.8616,7.8013,14,14
26.7376,18.2784,204.87690184313473,0.0003585464728475101,106.3393,6.0241,10.0293,14,14
34.306,17.8964,123.57875241043855,0.0010211532151708522,140.1142,5.94949,5.50616,14,14
31.0507,29.1685,612.9147543634521,0.0003585464728475101,2705.59903,8.66943,7.43069,14,14
31.0507,11.6019,180.08930812819497,0.0003585464728475101,185.0293,7.74177,5.86069,14,14
17.0717,8.47119,460.516391684945,0.0017233109056135083,7047.9247,2.29965,2.36589,14,14
46.2665,23.4952,296.01005305091167,0.0017233109056135083,56.66418,11.056,6.37083,14,14
34.306,12.8117,324.25883308631467,0.0029082809839751293,2947.1013,4.45231,2.48819,14,14
23.0236,17.9123,309.4082591195422,0.0006050875007272942,135.8893,4.29096,7.60497,14,14
29.5407,25.3633,3509.0857416690005,0.0006050875007272942,6355.05487,21.6838,5.00803,14,14
28.1042,25.266,2229.9739275856437,0.0006050875007272942,3020.2642,14.6328,7.58474,14,14
44.0167,28.8832,335.64053361514715,0.0010211532151708522,30.35056,11.6874,9.40758,14,14
65.5862,25.3211,877.844164876196,0.00012589254117941674,2359.26513,25.1515,12.0036,14,14
84.1511,24.5203,126.3829360345684,0.008282888557850927,631.06285,7.97865,3.09071,14,14
21.9041,11.1494,501.8349449654577,0.0010211532151708522,685.7905,3.63251,4.05675,14,14
37.9026,22.3218,129.60979103459206,0.0003585464728475101,9268.73181,10.6746,14.9346,14,14
44.0167,26.5093,721.8865395952096,0.0017233109056135083,1646.4794,9.66698,5.64978,14,14
25.4374,18.4183,769.2916534685314,0.00012589254117941674,170.9992,9.16969,7.35526,14,14
24.2005,21.4322,779.5447661514901,0.00021245782310305673,365.6219,8.74409,8.69447,14,14
46.2665,16.6326,285.96678059077385,0.0017233109056135083,3122.9034,11.0273,3.38301,14,14
36.0595,33.3868,54445.89411662249,0.00012589254117941674,672.29742,13.7432,10.8763,14,14
26.7376,9.27917,212.52193287932772,0.00021245782310305673,37.7376,5.70883,2.48613,14,14
29.5407,17.0085,1223.2436557639376,0.0003585464728475101,60.6861,11.5034,7.68864,14,14
28.1042,19.5894,325.57458045020553,0.0003585464728475101,84.2918,6.9839,11.4766,14,14
26.7376,24.0378,1962.8477414447868,0.0010211532151708522,355.6103,11.7553,6.20389,14,14
28.1042,10.1285,1145.5671581581191,0.0006050875007272942,33.6514,6.54078,3.21873,14,14
26.7376,20.4382,984.1293371664663,0.00012589254117941674,294.8183,11.5249,7.85808,14,14
39.8399,19.1644,279.9380908931676,0.0029082809839751293,208.0591,6.23414,6.07427,14,14
24.2005,9.38193,361.63007683545635,0.0003585464728475101,570.9543,4.80161,3.06494,14,14
53.7298,33.7998,131.39149062444338,0.0029082809839751293,6153.01277,12.4256,14.34,14,14
34.306,15.5851,78.08985468096355,0.00021245782310305673,1188.5114,7.24954,3.31329,14,14
44.0167,17.6073,254.18629519560955,0.0017233109056135083,755.1833,9.6577,4.47938,14,14
44.0167,19.3877,105.60629797595223,0.0010211532151708522,2216.9708,11.4602,4.40442,14,14
53.7298,28.7267,349.70919986654377,0.0003585464728475101,150.55797,18.588,10.8975,14,14
41.8762,22.964,106.39751095158202,0.0017233109056135083,1786.23302,8.42907,8.44771,14,14
29.5407,29.3418,1651.707891843418,0.00012589254117941674,649.02561,6.12843,7.76873,14,14
26.7376,17.9184,1206.4301196055226,0.00012589254117941674,900.8348,11.363,6.49104,14,14
44.0167,30.0702,656.7532387097637,0.0029082809839751293,3489.58084,7.57529,5.43677,14,14
46.2665,37.2204,144.5172741947127,0.0010211532151708522,4661.55692,13.2978,18.1463,14,14
23.0236,22.8688,975.1228738780756,0.0003585464728475101,18.82201,3.52903,4.11502,14,14
25.4374,12.5975,1595.3777109424689,0.00012589254117941674,74.1853,9.27935,4.25659,14,14
39.8399,20.7755,104.03457039981511,0.0010211532151708522,4134.68343,8.79425,8.64688,14,14
31.0507,28.332,9779.771725705941,0.0006050875007272942,30.39303,24.6373,4.69545,14,14
29.5407,13.0301,761.7040684564856,0.0006050875007272942,715.0616,7.23182,7.07526,14,14
37.9026,18.7459,3545.8643958166726,0.004908051271653857,29.649,10.2459,2.38957,14,14
31.0507,16.621,291.3302882091245,0.00012589254117941674,75.026,9.22962,11.8133,14,14
41.8762,23.5286,786.6007949054273,0.0010211532151708522,352.90364,10.8538,4.21325,14,14
26.7376,8.91921,2433.9400515485836,0.0003585464728475101,42.6172,8.69133,2.49696,14,14
36.0595,15.893,154.04419718159272,0.00021245782310305673,27.7841,12.055,10.9746,14,14
37.9026,31.517,11511.60091791917,0.00021245782310305673,5468.07687,13.613,9.66587,14,14
31.0507,20.8035,1015.6414107238542,0.0010211532151708522,520.2012,8.14814,9.80137,14,14
46.2665,25.3668,1578.0173868176175,0.0029082809839751293,134.86636,8.56322,3.44161,14,14
19.8256,15.4273,512.7276028667703,0.00021245782310305673,230.5204,4.24837,5.43107,14,14
26.7376,9.99911,1411.360364552395,0.0006050875007272942,8301.2471,6.32815,3.20944,14,14
29.5407,24.1698,5430.067570863824,0.0010211532151708522,2906.42292,20.3696,4.11576,14,14
21.9041,15.8637,1591.6344226757712,0.00021245782310305673,3773.2075,7.50315,3.95452,14,14
32.6378,14.8299,882.5647624126846,0.0006050875007272942,375.0836,9.06594,8.92926,14,14
44.0167,28.2897,651.4493602168136,0.0029082809839751293,351.4451,7.57824,4.69508,14,14
32.6378,16.149,366.5466804696105,0.00012589254117941674,68.0151,10.6367,11.9797,14,14
97.7256,28.4642,628.2032185159243,0.00021245782310305673,5049.05937,38.0353,18.0947,14,14
28.1042,14.2913,390.84127807655153,0.0010211532151708522,205.8606,5.54153,6.52656,14,14
41.8762,35.384,477.3963713111866,0.0010211532151708522,36.60533,10.8686,11.3944,14,14
41.8762,33.1258,6069.363057898911,0.0017233109056135083,13.21567,8.48066,6.27258,14,14
34.306,19.2831,99.84864465158749,0.00012589254117941674,1718.9552,9.07524,12.6385,14,14
44.0167,28.2897,727.9107046439688,0.0029082809839751293,101.49706,7.5799,4.41479,14,14
76.166,61.2612,70.22397127579177,0.00012589254117941674,51.04248,29.6743,9.77137,14,14
34.306,33.6126,1111.2420380887042,0.00021245782310305673,17.02372,13.3769,10.8822,14,14
37.9026,16.1916,473.66973945479776,0.0006050875007272942,44.4161,11.8229,10.9549,14,14
92.9735,24.5734,161.9760149155998,0.0006050875007272942,69.43763,33.5971,6.15533,14,14
46.2665,29.11,738.0705027596866,0.0017233109056135083,388.68149,11.0506,6.33595,14,14
29.5407,14.6214,396.1962949270549,0.00012589254117941674,141.9047,9.60288,9.68834,14,14
46.2665,32.8533,1306.487949595523,0.0029082809839751293,131.24694,8.5707,5.26142,14,14
44.0167,31.8506,592.4350126570764,0.0017233109056135083,145.10386,9.6722,7.9042,14,14
32.6378,31.9782,701.1310755091903,0.00021245782310305673,29.27165,10.773,9.90156,14,14
39.8399,24.5347,184.87560923062733,0.0006050875007272942,26.91496,11.9638,10.7205,14,14
34.306,17.8964,172.40039651781314,0.00021245782310305673,28.7856,11.0719,11.8003,14,14
31.0507,19.5487,3815.6865916307775,0.0029082809839751293,26.9893,16.8141,2.52812,14,14
31.0507,13.6932,182.9857926147,0.00021245782310305673,52.1856,8.70703,8.88432,14,14
19.8256,15.9604,1002.8779144334858,0.00021245782310305673,32.2325,5.48184,4.02122,14,14
31.0507,25.4043,4941.074569708859,0.0010211532151708522,4320.97721,22.92,4.20069,14,14
37.9026,16.1916,217.81490656056195,0.0010211532151708522,66.4254,9.44,9.66547,14,14
39.8399,28.2938,43331.82661800386,0.0006050875007272942,56.76725,12.0716,5.08336,14,14
26.7376,16.1186,763.4024653107228,0.00021245782310305673,710.1512,9.0935,7.68321,14,14
32.6378,17.9078,297.0707395669749,0.0010211532151708522,120.6896,7.30688,9.40002,14,14
28.1042,22.9954,372.24969161319706,0.0017233109056135083,590.1066,4.76446,8.57482,14,14
23.0236,22.2492,622.7278823001297,0.0006050875007272942,63.02521,4.27848,3.98502,14,14
46.2665,32.8533,1631.1798879167116,0.0017233109056135083,5264.51549,11.0422,6.96328,14,14
196.382,25.2983,4475.464141525674,0.0003585464728475101,1292.16235,22.3285,4.93122,14,14
59.3627,22.9242,200.6403780545992,0.008282888557850927,1613.67646,6.23512,2.55042,14,14
28.1042,27.1582,1159.187249473143,0.00012589254117941674,63.41513,12.3966,6.32068,14,14
39.8399,20.2385,1857.985042039253,0.0029082809839751293,2589.5488,7.90993,6.57991,14,14
39.8399,34.7381,25638.849228714233,0.0006050875007272942,552.11503,12.062,9.32121,14,14
26.7376,19.7182,360.61337256823305,0.00012589254117941674,108.726,7.41767,12.7931,14,14
44.0167,22.3551,406.1530432888966,0.0017233109056135083,132.70044,9.66583,5.25536,14,14
29.5407,19.3956,235.38523259247913,0.0010211532151708522,45.6828,5.96158,9.03745,14,14
32.6378,13.0711,1088.121199079128,0.0017233109056135083,569.0973,6.49242,5.2766,14,14
34.306,14.6607,996.4282522301036,0.0017233109056135083,936.2976,7.04668,6.48963,14,14
23.0236,9.85804,206.16739953808968,0.0003585464728475101,34.835,4.10428,3.98209,14,14
25.4374,21.1574,231.56947993097214,0.0003585464728475101,32.4053,5.55562,11.3136,14,14
31.0507,16.621,167.26111341796465,0.0003585464728475101,32.22,8.01618,10.1638,14,14
46.2665,39.092,181.77135767673064,0.0010211532151708522,9167.21821,13.2991,18.4292,14,14
264.849,102.064,330.2395902793613,0.0029082809839751293,22.85603,38.6933,6.75668,14,14
31.0507,27.4955,249.8820577460825,0.0017233109056135083,33.54669,5.48207,11.1146,14,14
29.5407,27.7504,2850.743231993159,0.00021245782310305673,121.08885,20.9598,6.39255,14,14
41.8762,17.3186,349.88471771875726,0.0010211532151708522,1117.7913,10.7703,6.76638,14,14
34.306,13.7362,209.36865333690187,0.00021245782310305673,43.4214,11.0081,10.1272,14,14
29.5407,20.1913,236.6541608543819,0.0006050875007272942,41.7059,6.79292,11.0401,14,14
26.7376,21.5181,636.1146529057775,0.00021245782310305673,721.0944,9.44506,11.4133,14,14
23.0236,17.2927,1817.5891331646885,0.0006050875007272942,1765.7613,8.34698,4.33787,14,14
56.4761,24.0979,178.30964453218294,0.004908051271653857,1149.9769,9.46839,3.60221,14,14
28.1042,23.7522,2467.928788501736,0.0029082809839751293,1832.8399,10.3515,4.08688,14,14
28.1042,20.3463,992.9144741749495,0.00012589254117941674,1139.0687,12.734,9.17537,14,14
34.306,13.7362,292.083071972733,0.0006050875007272942,291.4388,9.14641,8.98805,14,14
29.5407,13.0301,2068.0964025863345,0.00021245782310305673,28.9835,13.2303,5.69891,14,14
32.6378,12.6314,286.3516557078094,0.0003585464728475101,135.2316,9.15695,7.77319,14,14
29.5407,20.5892,2726.6412107524584,0.0029082809839751293,1583.0293,11.2546,3.51973,14,14
39.8399,28.8309,4720.410999793174,0.0017233109056135083,340.54106,9.59046,6.36941,14,14
26.7376,21.878,1386.7516176094055,0.00021245782310305673,884.3524,12.4138,8.21379,14,14
31.0507,30.8415,1203.8036473956342,0.0017233109056135083,31.63857,5.87735,5.47517,14,14
36.0595,35.3306,1576.2295359977957,0.00012589254117941674,23.19878,13.7514,12.469,14,14
31.0507,25.4043,2033.4631129295158,0.0017233109056135083,145.2262,11.7445,7.31932,14,14
32.6378,21.8651,218.36208595104,0.0017233109056135083,46.5167,5.86856,8.33597,14,14
46.2665,30.3578,2014.9221325289461,0.0017233109056135083,10828.74685,11.0412,5.65638,14,14
32.6378,24.5033,2848.2531115353895,0.0006050875007272942,159.3089,12.3296,8.8369,14,14
44.0167,25.3224,368.82740928182596,0.0017233109056135083,121.1603,9.67251,6.92835,14,14
23.0236,13.5754,1010.415704936134,0.0010211532151708522,11444.0828,5.37126,4.5253,14,14
23.0236,20.3905,1492.1578374149744,0.0029082809839751293,1780.2425,6.08912,3.61117,14,14
28.1042,13.9129,1842.797097546093,0.0003585464728475101,968.9229,11.2911,5.30114,14,14
65.5862,53.6394,551.6754735720882,0.008282888557850927,20.55698,7.42718,7.44373,14,14
23.0236,11.0972,790.5941365471717,0.00021245782310305673,34.2396,5.93127,3.97728,14,14
41.8762,24.0931,59803.63381166158,0.0006050875007272942,3330.76331,13.3382,4.43639,14,14
29.5407,18.5999,6536.602137685968,0.00021245782310305673,902.8336,23.5736,2.68094,14,14
32.6378,16.5887,151.30136484254575,0.00012589254117941674,29.5219,9.90633,12.1314,14,14
37.9026,27.4302,2134.9084290421165,0.0003585464728475101,337.95415,12.5231,6.90887,14,14
29.5407,13.0301,2310.835904348717,0.0010211532151708522,881.9142,10.7734,4.0488,14,14
264.849,123.53,193.22735069897328,0.0017233109056135083,2613.59244,45.206,4.42614,14,14
23.0236,16.0536,218.37855210097848,0.0003585464728475101,190.6718,4.29218,7.58511,14,14
39.8399,25.0717,106.43655049567252,0.0003585464728475101,3978.35177,11.6375,16.6708,14,14
23.0236,21.6296,1880.5563753428355,0.00021245782310305673,931.79767,9.72763,3.48666,14,14
28.1042,19.5894,260.7679086680148,0.0003585464728475101,50.6551,6.85763,11.2975,14,14
36.0595,14.4352,1569.229374181355,0.0003585464728475101,32.9303,13.857,12.3874,14,14
39.8399,30.4419,577.5241279259172,0.0006050875007272942,43.54102,12.0839,10.1183,14,14
39.8399,22.3866,1079.2884893859457,0.0006050875007272942,5731.57951,12.0579,4.37336,14,14
37.9026,12.6157,806.4273478080154,0.0006050875007272942,130.1292,11.8655,5.48481,14,14
25.4374,18.7607,354.674294211766,0.0003585464728475101,35.5735,6.44535,9.34247,14,14
31.0507,30.8415,5094.863789939551,0.00012589254117941674,4036.0959,27.5706,8.95213,14,14
28.1042,11.6423,929.4914182923703,0.0003585464728475101,10227.9399,8.31429,6.3132,14,14
26.7376,15.7586,1849.774808138396,0.0003585464728475101,3493.6808,10.958,5.41309,14,14
34.306,19.2831,2495.1155183722562,0.0029082809839751293,406.9113,7.97445,4.52948,14,14
39.8399,17.0163,1307.5797158853022,0.0029082809839751293,536.2719,6.93565,6.04289,14,14
44.0167,33.631,1620.9999313955016,0.0029082809839751293,5731.37795,7.63679,5.8389,14,14
26.7376,18.2784,204.87690184313473,0.0003585464728475101,102.6392,6.0241,10.0293,14,14
28.1042,9.37168,215.35392069604248,0.00021245782310305673,856.3296,6.34481,2.3408,14,14
24.2005,22.0835,1220.9162098224563,0.0029082809839751293,1622.6342,5.36468,4.81296,14,14
26.7376,25.8377,3864.7211161519053,0.00012589254117941674,6672.19798,18.3125,5.28981,14,14
48.6313,32.5635,485.3666248398121,0.0017233109056135083,85.67672,12.6337,8.10639,14,14
36.0595,23.668,15274.28488337055,0.004908051271653857,2423.65855,13.5018,2.27746,14,14
102.721,25.7552,166.84807897150642,0.008282888557850927,29.74055,7.92593,3.14069,14,14
28.1042,11.2639,341.25314681474634,0.00012589254117941674,823.8188,7.0384,6.11193,14,14
20.8389,19.2975,1624.2351296988336,0.0010211532151708522,651.8087,6.80677,4.00277,14,14
44.0167,22.3551,107.22874382104979,0.0017233109056135083,18.97022,9.61863,7.07061,14,14
23.0236,9.54826,399.9812128152045,0.0006050875007272942,36.1102,4.18553,3.45977,14,14
34.306,31.3014,879.8323923187285,0.00012589254117941674,23.34231,13.2938,9.1492,14,14
32.6378,13.9505,61.134013799765775,0.0003585464728475101,37.5965,5.8103,2.14643,14,14
29.5407,29.3418,1322.9323761402027,0.0006050875007272942,151.64137,7.06379,6.60941,14,14
29.5407,15.815,205.39095869830945,0.00012589254117941674,58.6386,7.87588,10.6119,14,14
24.2005,17.8497,3210.568989632405,0.0006050875007272942,7229.8115,13.0968,2.46673,14,14
48.6313,24.6936,585.7419574192747,0.004908051271653857,19.74829,6.81366,2.76276,14,14
59.3627,38.1403,1253.5791111297099,0.0006050875007272942,16.22803,20.0751,12.3489,14,14
160.88,81.5765,230.38576421953258,0.00012589254117941674,4071.79223,14.546,36.3647,14,14
23.0236,10.4776,878.0094867850355,0.0029082809839751293,62.4555,3.09849,2.95026,14,14
28.1042,13.5345,1837.2484180558124,0.0003585464728475101,225.1627,11.159,4.75127,14,14
17.9443,11.0718,344.4346625733854,0.0010211532151708522,2545.519,2.52358,3.52785,14,14
36.0595,16.3789,375.4726638112904,0.0010211532151708522,308.9508,8.96727,9.58765,14,14
25.4374,17.7335,2077.768747110123,0.0029082809839751293,10631.6828,7.41321,3.43119,14,14
46.2665,19.1281,361.6965923220978,0.0029082809839751293,1479.1379,8.57066,3.26182,14,14
21.9041,17.0423,739.4431294880181,0.00012589254117941674,231.4605,6.62797,5.31496,14,14
39.8399,30.979,213.25005502270398,0.0003585464728475101,19.86514,13.6086,15.4982,14,14
32.6378,22.3048,7632.781541339029,0.0029082809839751293,924.62014,18.4067,2.50056,14,14
113.49,63.6902,259.08752332904857,0.008282888557850927,11.40742,7.98055,7.86005,14,14
32.6378,16.149,168.55522306482342,0.00012589254117941674,30.265,9.9931,11.7021,14,14
29.5407,16.6107,501.97736480992916,0.0017233109056135083,91.5828,5.20267,6.28532,14,14
39.8399,20.7755,6317.002980302364,0.0017233109056135083,31.1844,9.57438,3.306,14,14
21.9041,16.7477,660.0969835842736,0.0006050875007272942,29.6408,5.59614,5.04427,14,14
29.5407,27.3526,4953.828636273407,0.0010211532151708522,1445.33314,20.3908,4.88424,14,14
65.5862,29.7458,328.4835889843923,0.0029082809839751293,424.55362,16.6194,4.86827,14,14
25.4374,10.8855,190.73520877766694,0.00021245782310305673,133.7338,5.21308,5.39847,14,14
39.8399,36.3492,827.653942416707,0.0010211532151708522,57.14089,10.5724,9.9823,14,14
25.4374,25.2662,1406.3272639863064,0.0003585464728475101,264.80642,4.33642,5.33895,14,14
36.0595,35.8165,1972.4109004217275,0.00021245782310305673,118.36129,13.406,12.7179,14,14
31.0507,23.7312,7625.332641268075,0.00021245782310305673,1312.76393,27.0653,3.82832,14,14
39.8399,15.9423,745.9614534034671,0.0029082809839751293,376.374,6.4088,5.08563,14,14
29.5407,11.4387,247.90729547326458,0.0010211532151708522,256.2363,5.7097,4.97326,14,14
48.6313,37.8101,3653.4357505103385,0.0029082809839751293,1176.36127,9.69704,5.71445,14,14
31.0507,17.4575,293.0244178820937,0.0017233109056135083,140.9606,5.44988,7.08189,14,14
36.0595,14.4352,212.87237037800222,0.0003585464728475101,33.3109,11.2236,10.2031,14,14
25.4374,19.4455,356.496674619214,0.0010211532151708522,806.4862,4.68064,8.23007,14,14
31.0507,16.2027,259.9631534765653,0.00021245782310305673,137.8198,9.16427,11.2202,14,14
44.0167,29.4767,731.8722931805692,0.0029082809839751293,179.80697,7.57721,5.09338,14,14
44.0167,31.2571,824.3262324289085,0.0017233109056135083,927.31869,9.6695,7.8675,14,14
26.7376,20.0782,2978.002284483542,0.0006050875007272942,429.23,16.8495,2.6297,14,14
29.5407,11.8365,387.6866715385157,0.0006050875007272942,1142.4477,6.7973,6.05611,14,14
39.8399,15.4052,382.0554809772866,0.0029082809839751293,126.6391,6.19051,3.27602,14,14
28.1042,27.915,932.6660211258425,0.0003585464728475101,34.29276,6.79209,6.37551,14,14
32.6378,32.4179,2131.885845824117,0.00012589254117941674,211.70681,7.9316,10.1999,14,14
39.8399,20.2385,115.901318830258,0.0017233109056135083,528.8003,7.41792,6.3348,14,14
29.5407,14.2236,2605.9677917344598,0.0017233109056135083,437.2619,11.9965,2.84061,14,14
28.1042,11.6423,306.382121055869,0.00012589254117941674,67.1061,7.00914,6.40152,14,14
37.9026,23.8543,1202.9258121575838,0.0003585464728475101,3294.04464,12.5135,6.43491,14,14
31.0507,15.7845,259.19397498589177,0.00012589254117941674,43.0915,9.1189,10.8395,14,14
26.7376,11.079,1779.2200121544154,0.00021245782310305673,237.4948,9.66122,3.57834,14,14
31.0507,19.1305,265.22499904765743,0.0017233109056135083,307.9667,5.43685,7.72847,14,14
34.306,16.5096,297.59875588002507,0.00021245782310305673,214.7922,11.5555,13.1016,14,14
29.5407,10.2451,929.7976673104869,0.0006050875007272942,33.1076,7.03535,3.15205,14,14
25.4374,22.1846,1232.5695704949296,0.0003585464728475101,314.0702,10.8396,7.16257,14,14
25.4374,15.3367,1170.4073112694255,0.0003585464728475101,63.5567,9.15371,4.77324,14,14
31.0507,18.294,998.9856693294987,0.0003585464728475101,82.2464,11.1404,10.4149,14,14
72.4622,57.3053,68.89427471741864,0.00012589254117941674,13.0188,28.1298,8.54769,14,14
53.7298,53.3674,476.381131893983,0.0010211532151708522,14.39479,17.1071,16.9911,14,14
51.117,19.7484,87.78055771164904,0.0010211532151708522,20.6974,15.4439,3.89414,14,14
28.1042,12.7776,839.6994275454091,0.0017233109056135083,81.4596,4.96862,4.62749,14,14
32.6378,31.9782,2376.7319184049434,0.0017233109056135083,300.40835,7.20486,5.79766,14,14
34.306,16.5096,1259.52826360663,0.0006050875007272942,101.9021,10.9887,9.45015,14,14
28.1042,10.507,217.50701555240943,0.00021245782310305673,1299.0311,6.68903,4.37903,14,14
186.832,31.6426,26296.6987098489,0.00012589254117941674,5179.03619,20.5337,9.59349,14,14
29.5407,15.815,1890.366966153225,0.0003585464728475101,5585.6689,13.0905,6.71337,14,14
29.5407,18.5999,292.282350760725,0.00012589254117941674,81.0083,8.17697,13.0405,14,14
39.8399,27.7568,992.9385045117089,0.0010211532151708522,2260.40466,10.2459,6.75791,14,14
37.9026,23.3435,441.82808374474746,0.0003585464728475101,29.62416,12.5003,12.709,14,14
37.9026,36.6255,918.0274936928438,0.00021245782310305673,44.67326,13.6393,12.8395,14,14
36.0595,14.9211,371.9605038016715,0.0003585464728475101,458.3303,11.7709,11.5768,14,14
31.0507,30.005,2087.26488277114,0.00021245782310305673,136.86851,20.6516,7.80906,14,14
34.306,16.0474,265.5280315403387,0.0006050875007272942,47.1807,9.19806,9.7723,14,14
39.8399,32.59,6703.311250649833,0.0006050875007272942,38.29279,12.0718,7.30789,14,14
29.5407,18.2021,1540.1882014601679,0.0003585464728475101,57.768,13.218,7.07008,14,14
32.6378,13.5108,132.52481491465255,0.00021245782310305673,45.5612,9.27512,9.51402,14,14
28.1042,27.1582,3929.4715996802242,0.0010211532151708522,101.67243,18.1163,5.04338,14,14
26.7376,12.5189,1291.3500686442494,0.00021245782310305673,1841.9555,9.72587,4.85507,14,14
39.8399,13.2571,587.7307453484044,0.0017233109056135083,3012.4072,8.682,6.79457,14,14
41.8762,28.6095,2446.6237149469484,0.0006050875007272942,20.26479,13.3427,21.1473,14,14
23.0236,21.3199,964.0267318875452,0.0006050875007272942,2002.96644,7.32146,3.59465,14,14
31.0507,14.948,321.6712948243141,0.00012589254117941674,259.3566,9.22632,10.7543,14,14
29.5407,28.944,1647.9799329684727,0.0003585464728475101,60.68071,12.4814,6.99512,14,14
28.1042,16.9404,445.6285271733951,0.00012589254117941674,328.3258,8.45884,11.0547,14,14
28.1042,26.4013,1609.7234578988769,0.00021245782310305673,35.78084,15.188,5.46303,14,14
34.306,22.0565,1456.8121243564317,0.0017233109056135083,702.9772,8.8352,8.43681,14,14
44.0167,32.444,1034.5701504105368,0.0010211532151708522,1003.66232,11.6798,8.84285,14,14
29.5407,23.3741,6037.296098702433,0.0003585464728475101,53.18668,22.8196,3.45507,14,14
145.614,107.269,149.88532890627673,0.0017233109056135083,72.3095,35.8488,7.117,14,14
24.2005,19.4781,441.0775731364334,0.00021245782310305673,243.6724,6.00319,10.8531,14,14
36.0595,13.9493,264.92091934404664,0.0006050875007272942,44.1766,10.1034,9.16281,14,14
34.306,18.3586,193.20232850513327,0.00012589254117941674,26.5474,11.6129,13.12,14,14
31.0507,16.621,325.5247402555496,0.0029082809839751293,152.1267,4.15537,5.0061,14,14
44.0167,22.9485,989.8367579070508,0.0029082809839751293,9251.28432,7.57051,3.50151,14,14
34.306,14.1984,570.2721039560091,0.00021245782310305673,10336.1587,11.9752,11.5088,14,14
59.3627,25.3267,202.57435074856713,0.004908051271653857,6733.41855,10.5767,3.97297,14,14
31.0507,20.3852,1264.632521272564,0.0017233109056135083,183.5926,7.3412,6.9547,14,14
36.0595,35.8165,2462.6052932707876,0.00012589254117941674,564.12237,13.7526,13.3455,14,14
46.2665,33.4771,198.55159626428565,0.0017233109056135083,10887.69718,11.0347,15.0573,14,14
29.5407,11.4387,1049.217550608883,0.00012589254117941674,3940.0055,10.5336,6.9986,14,14
39.8399,17.5533,102.15747881843127,0.0003585464728475101,22.6812,10.7002,4.2111,14,14
41.8762,13.9313,1162.9861357177542,0.0029082809839751293,22.2409,6.91518,4.75606,14,14
24.2005,18.8267,314.5899296711449,0.0010211532151708522,198.7248,4.26335,7.47529,14,14
25.4374,12.5975,470.63396600011356,0.00012589254117941674,145.0056,6.53077,6.32464,14,14
46.2665,29.11,824.7009525925846,0.004908051271653857,2033.37413,6.10663,3.4994,14,14
31.0507,13.2749,355.0150144274384,0.00021245782310305673,57.3704,9.26881,8.74859,14,14
44.0167,33.631,427.9615105924071,0.0010211532151708522,22.81537,11.6999,10.651,14,14
26.7376,12.5189,741.4004812107428,0.00012589254117941674,239.9971,8.05848,6.52977,14,14
186.832,92.2043,3870.3812179178335,0.00012589254117941674,428.65467,19.7377,36.5891,14,14
32.6378,17.4681,237.24575955789638,0.0010211532151708522,61.5363,7.16341,8.8472,14,14
29.5407,11.4387,1635.5279077823006,0.00021245782310305673,2413.6644,11.6113,4.537,14,14
44.0167,37.1918,3578.173319646195,0.0010211532151708522,250.62785,11.6792,9.45067,14,14
39.8399,23.4606,499.14622001279787,0.0006050875007272942,18.00224,12.0496,6.13803,14,14
53.7298,25.1031,101.62995843795363,0.004908051271653857,12183.51446,8.48715,5.09592,14,14
206.419,34.9512,10012.54866826553,0.0006050875007272942,62.99097,19.5512,8.31419,14,14
25.4374,19.7879,286.25906219008726,0.0010211532151708522,151.3596,4.59947,8.32906,14,14
32.6378,17.4681,265.0922704545682,0.0003585464728475101,46.4302,9.35172,11.4684,14,14
